Issue Type,Epic Name,Epic Link,Summary,Description,Priority,Story Points
Epic,Milestone Setup & Escrow Funding,,Milestone Setup & Escrow Funding,"Enable creators and sponsors to jointly define milestone scope, deadlines, and reserve payment in escrow before work begins.",High,
Epic,"Draft Submission, Watermarking & Review",,"Draft Submission, Watermarking & Review",Enable creators to submit watermark-protected draft deliverables and let sponsors review them or request revisions.,High,
Epic,"Milestone Approval, Payment Release & Tracking",,"Milestone Approval, Payment Release & Tracking","Enable sponsors to sign off on approved work, trigger secure escrow payment release, and let creators track status in real time.",High,
Story,,Milestone Setup & Escrow Funding,Story 1.1: Define Milestone Terms,"As a Content Creator or Client Sponsor, I want to define a milestone with a deliverable description, due date, and payment amount, so that both parties agree on scope and cost before any work begins.",High,3
Story,,Milestone Setup & Escrow Funding,Story 1.2: Reserve Escrow Funds,"As a Client Sponsor, I want the agreed payment amount to be automatically reserved in escrow when I create a milestone, so that the creator can trust the funds are secured before starting work.",High,5
Story,,"Draft Submission, Watermarking & Review",Story 2.1: Submit Draft Deliverable,"As a Content Creator, I want to upload a draft media file (image or video) against a milestone, so that the sponsor can review my work before I get paid.",High,3
Story,,"Draft Submission, Watermarking & Review",Story 2.2: Automatic Draft Watermarking,"As a Content Creator, I want every draft I upload to be automatically watermarked in under 5 seconds, so that my unpaid work cannot be reused or redistributed before payment.",High,8
Story,,"Draft Submission, Watermarking & Review",Story 2.3: Review Draft Deliverable,"As a Client Sponsor, I want to view the watermarked draft submitted for a milestone, so that I can judge whether it meets the agreed requirements.",High,2
Story,,"Draft Submission, Watermarking & Review",Story 2.4: Request Revision,"As a Client Sponsor, I want to request a revision on a draft by leaving mandatory comments, so that the creator knows exactly what to fix before I approve the milestone.",Medium,3
Story,,"Milestone Approval, Payment Release & Tracking",Story 3.1: Approve Milestone Sign-off,"As a Client Sponsor, I want to formally sign off on an approved draft deliverable, so that the creator is paid promptly and the transaction is non-repudiable.",High,5
Story,,"Milestone Approval, Payment Release & Tracking",Story 3.2: Release Milestone Payment,"As a Content Creator, I want the escrowed funds to be released automatically the moment the sponsor signs off, so that I receive payment without having to chase it manually.",High,8
Story,,"Milestone Approval, Payment Release & Tracking",Story 3.3: Track Payment & Milestone Status,"As a Content Creator, I want a live dashboard showing the status and escrowed amount of every milestone across my contracts, so that I always know where each payment stands.",Medium,3
